areaType,areaName,areaCode,date,newCasesBySpecimenDate,cumCasesBySpecimenDate
overview,United Kingdom,K02000001,2022-02-14,28669,18393951
overview,United Kingdom,K02000001,2022-02-13,39626,18365282
overview,United Kingdom,K02000001,2022-02-12,36303,18325656
overview,United Kingdom,K02000001,2022-02-11,43410,18289353
overview,United Kingdom,K02000001,2022-02-10,51117,18245943
overview,United Kingdom,K02000001,2022-02-09,62879,18194826
overview,United Kingdom,K02000001,2022-02-08,68068,18131947
overview,United Kingdom,K02000001,2022-02-07,75080,18063879
overview,United Kingdom,K02000001,2022-02-06,59688,17988799
overview,United Kingdom,K02000001,2022-02-05,51537,17929111
overview,United Kingdom,K02000001,2022-02-04,62437,17877574
overview,United Kingdom,K02000001,2022-02-03,75721,17815137
overview,United Kingdom,K02000001,2022-02-02,87363,17739416
overview,United Kingdom,K02000001,2022-02-01,92601,17652053
overview,United Kingdom,K02000001,2022-01-31,103852,17559452
overview,United Kingdom,K02000001,2022-01-30,86736,17455600
overview,United Kingdom,K02000001,2022-01-29,72825,17368864
overview,United Kingdom,K02000001,2022-01-28,83340,17296039
overview,United Kingdom,K02000001,2022-01-27,95336,17212699
overview,United Kingdom,K02000001,2022-01-26,107752,17117363
overview,United Kingdom,K02000001,2022-01-25,112209,17009611
overview,United Kingdom,K02000001,2022-01-24,126257,16897402
overview,United Kingdom,K02000001,2022-01-23,101516,16771145
overview,United Kingdom,K02000001,2022-01-22,80985,16669629
overview,United Kingdom,K02000001,2022-01-21,90840,16588644
overview,United Kingdom,K02000001,2022-01-20,99540,16497804
overview,United Kingdom,K02000001,2022-01-19,110793,16398264
overview,United Kingdom,K02000001,2022-01-18,117753,16287471
overview,United Kingdom,K02000001,2022-01-17,130396,16169718
overview,United Kingdom,K02000001,2022-01-16,97263,16039322
overview,United Kingdom,K02000001,2022-01-15,77283,15942059
overview,United Kingdom,K02000001,2022-01-14,85548,15864776
overview,United Kingdom,K02000001,2022-01-13,95591,15779228
overview,United Kingdom,K02000001,2022-01-12,102367,15683637
overview,United Kingdom,K02000001,2022-01-11,114318,15581270
overview,United Kingdom,K02000001,2022-01-10,131671,15466952
overview,United Kingdom,K02000001,2022-01-09,94902,15335281
overview,United Kingdom,K02000001,2022-01-08,92777,15240379
overview,United Kingdom,K02000001,2022-01-07,119242,15147602
overview,United Kingdom,K02000001,2022-01-06,171463,15028360
overview,United Kingdom,K02000001,2022-01-05,219830,14856897
overview,United Kingdom,K02000001,2022-01-04,273486,14637067
overview,United Kingdom,K02000001,2022-01-03,227953,14363581
overview,United Kingdom,K02000001,2022-01-02,179461,14135628
overview,United Kingdom,K02000001,2022-01-01,117523,13956167
overview,United Kingdom,K02000001,2021-12-31,186787,13838644
overview,United Kingdom,K02000001,2021-12-30,234256,13651857
overview,United Kingdom,K02000001,2021-12-29,270394,13417601
overview,United Kingdom,K02000001,2021-12-28,210668,13147207
overview,United Kingdom,K02000001,2021-12-27,193302,12936539
overview,United Kingdom,K02000001,2021-12-26,115670,12743237
overview,United Kingdom,K02000001,2021-12-25,69991,12627567
overview,United Kingdom,K02000001,2021-12-24,136417,12557576
overview,United Kingdom,K02000001,2021-12-23,159292,12421159
overview,United Kingdom,K02000001,2021-12-22,160265,12261867
overview,United Kingdom,K02000001,2021-12-21,149379,12101602
overview,United Kingdom,K02000001,2021-12-20,133251,11952223
overview,United Kingdom,K02000001,2021-12-19,88723,11818972
overview,United Kingdom,K02000001,2021-12-18,88499,11730249
overview,United Kingdom,K02000001,2021-12-17,95462,11641750
overview,United Kingdom,K02000001,2021-12-16,105545,11546288
overview,United Kingdom,K02000001,2021-12-15,112188,11440743
overview,United Kingdom,K02000001,2021-12-14,102378,11328555
overview,United Kingdom,K02000001,2021-12-13,86872,11226177
overview,United Kingdom,K02000001,2021-12-12,52994,11139305
overview,United Kingdom,K02000001,2021-12-11,48459,11086311
overview,United Kingdom,K02000001,2021-12-10,52342,11037852
overview,United Kingdom,K02000001,2021-12-09,56866,10985510
overview,United Kingdom,K02000001,2021-12-08,58665,10928644
overview,United Kingdom,K02000001,2021-12-07,56080,10869979
overview,United Kingdom,K02000001,2021-12-06,59547,10813899
overview,United Kingdom,K02000001,2021-12-05,40929,10754352
overview,United Kingdom,K02000001,2021-12-04,38718,10713423
overview,United Kingdom,K02000001,2021-12-03,45593,10674705
overview,United Kingdom,K02000001,2021-12-02,50233,10629112
overview,United Kingdom,K02000001,2021-12-01,54749,10578879
overview,United Kingdom,K02000001,2021-11-30,55618,10524130
overview,United Kingdom,K02000001,2021-11-29,56233,10468512
overview,United Kingdom,K02000001,2021-11-28,39665,10412279
overview,United Kingdom,K02000001,2021-11-27,33271,10372614
overview,United Kingdom,K02000001,2021-11-26,39297,10339343
overview,United Kingdom,K02000001,2021-11-25,43379,10300046
overview,United Kingdom,K02000001,2021-11-24,46724,10256667
overview,United Kingdom,K02000001,2021-11-23,48148,10209943
overview,United Kingdom,K02000001,2021-11-22,50692,10161795
overview,United Kingdom,K02000001,2021-11-21,37226,10111103
overview,United Kingdom,K02000001,2021-11-20,35299,10073877
overview,United Kingdom,K02000001,2021-11-19,39567,10038578
overview,United Kingdom,K02000001,2021-11-18,44028,9999011
overview,United Kingdom,K02000001,2021-11-17,45859,9954983
overview,United Kingdom,K02000001,2021-11-16,46374,9909124
overview,United Kingdom,K02000001,2021-11-15,50890,9862750
overview,United Kingdom,K02000001,2021-11-14,35478,9811860
overview,United Kingdom,K02000001,2021-11-13,32858,9776382
overview,United Kingdom,K02000001,2021-11-12,37724,9743524
overview,United Kingdom,K02000001,2021-11-11,40953,9705800
overview,United Kingdom,K02000001,2021-11-10,42902,9664847
overview,United Kingdom,K02000001,2021-11-09,42203,9621945
overview,United Kingdom,K02000001,2021-11-08,44085,9579742
overview,United Kingdom,K02000001,2021-11-07,30567,9535657
overview,United Kingdom,K02000001,2021-11-06,27425,9505090
overview,United Kingdom,K02000001,2021-11-05,30295,9477665
overview,United Kingdom,K02000001,2021-11-04,33616,9447370
overview,United Kingdom,K02000001,2021-11-03,35933,9413754
overview,United Kingdom,K02000001,2021-11-02,37975,9377821
overview,United Kingdom,K02000001,2021-11-01,45068,9339846
overview,United Kingdom,K02000001,2021-10-31,34778,9294778
overview,United Kingdom,K02000001,2021-10-30,33536,9260000
overview,United Kingdom,K02000001,2021-10-29,40219,9226464
overview,United Kingdom,K02000001,2021-10-28,41340,9186245
overview,United Kingdom,K02000001,2021-10-27,42999,9144905
overview,United Kingdom,K02000001,2021-10-26,42078,9101906
overview,United Kingdom,K02000001,2021-10-25,47424,9059828
overview,United Kingdom,K02000001,2021-10-24,35737,9012404
overview,United Kingdom,K02000001,2021-10-23,35072,8976667
overview,United Kingdom,K02000001,2021-10-22,40635,8941595
overview,United Kingdom,K02000001,2021-10-21,45173,8900960
overview,United Kingdom,K02000001,2021-10-20,51620,8855787
overview,United Kingdom,K02000001,2021-10-19,52486,8804167
overview,United Kingdom,K02000001,2021-10-18,57690,8751681
overview,United Kingdom,K02000001,2021-10-17,43724,8693991
overview,United Kingdom,K02000001,2021-10-16,37857,8650267
overview,United Kingdom,K02000001,2021-10-15,43528,8612410
overview,United Kingdom,K02000001,2021-10-14,46379,8568882
overview,United Kingdom,K02000001,2021-10-13,47734,8522503
overview,United Kingdom,K02000001,2021-10-12,48269,8474769
overview,United Kingdom,K02000001,2021-10-11,50258,8426500
overview,United Kingdom,K02000001,2021-10-10,36397,8376242
overview,United Kingdom,K02000001,2021-10-09,32279,8339845
overview,United Kingdom,K02000001,2021-10-08,35571,8307566
overview,United Kingdom,K02000001,2021-10-07,38437,8271995
overview,United Kingdom,K02000001,2021-10-06,39235,8233558
overview,United Kingdom,K02000001,2021-10-05,39238,8194323
overview,United Kingdom,K02000001,2021-10-04,43703,8155085
overview,United Kingdom,K02000001,2021-10-03,32032,8111382
overview,United Kingdom,K02000001,2021-10-02,26297,8079350
overview,United Kingdom,K02000001,2021-10-01,29039,8053053
overview,United Kingdom,K02000001,2021-09-30,32570,8024014
overview,United Kingdom,K02000001,2021-09-29,34793,7991444
overview,United Kingdom,K02000001,2021-09-28,36505,7956651
overview,United Kingdom,K02000001,2021-09-27,41558,7920146
overview,United Kingdom,K02000001,2021-09-26,32045,7878588
overview,United Kingdom,K02000001,2021-09-25,28540,7846543
overview,United Kingdom,K02000001,2021-09-24,32074,7818003
overview,United Kingdom,K02000001,2021-09-23,35810,7785929
overview,United Kingdom,K02000001,2021-09-22,36719,7750119
overview,United Kingdom,K02000001,2021-09-21,38808,7713400
overview,United Kingdom,K02000001,2021-09-20,40730,7674592
overview,United Kingdom,K02000001,2021-09-19,31062,7633862
overview,United Kingdom,K02000001,2021-09-18,26629,7602800
overview,United Kingdom,K02000001,2021-09-17,29438,7576171
overview,United Kingdom,K02000001,2021-09-16,29523,7546733
overview,United Kingdom,K02000001,2021-09-15,30341,7517210
overview,United Kingdom,K02000001,2021-09-14,31372,7486869
overview,United Kingdom,K02000001,2021-09-13,34606,7455497
overview,United Kingdom,K02000001,2021-09-12,24030,7420891
overview,United Kingdom,K02000001,2021-09-11,23515,7396861
overview,United Kingdom,K02000001,2021-09-10,29143,7373346
overview,United Kingdom,K02000001,2021-09-09,33916,7344203
overview,United Kingdom,K02000001,2021-09-08,35787,7310287
overview,United Kingdom,K02000001,2021-09-07,38533,7274500
overview,United Kingdom,K02000001,2021-09-06,44858,7235967
overview,United Kingdom,K02000001,2021-09-05,31758,7191109
overview,United Kingdom,K02000001,2021-09-04,31757,7159351
overview,United Kingdom,K02000001,2021-09-03,38574,7127594
overview,United Kingdom,K02000001,2021-09-02,42211,7089020
overview,United Kingdom,K02000001,2021-09-01,43440,7046809
overview,United Kingdom,K02000001,2021-08-31,45117,7003369
overview,United Kingdom,K02000001,2021-08-30,34658,6958252
overview,United Kingdom,K02000001,2021-08-29,26070,6923594
overview,United Kingdom,K02000001,2021-08-28,27533,6897524
overview,United Kingdom,K02000001,2021-08-27,33661,6869991
overview,United Kingdom,K02000001,2021-08-26,37525,6836330
overview,United Kingdom,K02000001,2021-08-25,38690,6798805
overview,United Kingdom,K02000001,2021-08-24,37607,6760115
overview,United Kingdom,K02000001,2021-08-23,39657,6722508
overview,United Kingdom,K02000001,2021-08-22,28687,6682851
overview,United Kingdom,K02000001,2021-08-21,28479,6654164
overview,United Kingdom,K02000001,2021-08-20,32181,6625685
overview,United Kingdom,K02000001,2021-08-19,36437,6593504
overview,United Kingdom,K02000001,2021-08-18,38683,6557067
overview,United Kingdom,K02000001,2021-08-17,37848,6518384
overview,United Kingdom,K02000001,2021-08-16,36869,6480536
overview,United Kingdom,K02000001,2021-08-15,25310,6443667
overview,United Kingdom,K02000001,2021-08-14,25036,6418357
overview,United Kingdom,K02000001,2021-08-13,28957,6393321
overview,United Kingdom,K02000001,2021-08-12,31706,6364364
overview,United Kingdom,K02000001,2021-08-11,33322,6332658
overview,United Kingdom,K02000001,2021-08-10,31492,6299336
overview,United Kingdom,K02000001,2021-08-09,32137,6267844
overview,United Kingdom,K02000001,2021-08-08,22868,6235707
overview,United Kingdom,K02000001,2021-08-07,22557,6212839
overview,United Kingdom,K02000001,2021-08-06,28048,6190282
overview,United Kingdom,K02000001,2021-08-05,31644,6162234
overview,United Kingdom,K02000001,2021-08-04,32320,6130590
overview,United Kingdom,K02000001,2021-08-03,30426,6098270
overview,United Kingdom,K02000001,2021-08-02,29818,6067844
overview,United Kingdom,K02000001,2021-08-01,20891,6038026
overview,United Kingdom,K02000001,2021-07-31,20566,6017135
overview,United Kingdom,K02000001,2021-07-30,24741,5996569
overview,United Kingdom,K02000001,2021-07-29,28413,5971828
overview,United Kingdom,K02000001,2021-07-28,30223,5943415
overview,United Kingdom,K02000001,2021-07-27,29558,5913192
overview,United Kingdom,K02000001,2021-07-26,29960,5883634
overview,United Kingdom,K02000001,2021-07-25,22160,5853674
overview,United Kingdom,K02000001,2021-07-24,22840,5831514
overview,United Kingdom,K02000001,2021-07-23,27751,5808674
overview,United Kingdom,K02000001,2021-07-22,31256,5780923
overview,United Kingdom,K02000001,2021-07-21,35521,5749667
overview,United Kingdom,K02000001,2021-07-20,39848,5714146
overview,United Kingdom,K02000001,2021-07-19,47890,5674298
overview,United Kingdom,K02000001,2021-07-18,36168,5626408
overview,United Kingdom,K02000001,2021-07-17,38464,5590240
overview,United Kingdom,K02000001,2021-07-16,55242,5551776
overview,United Kingdom,K02000001,2021-07-15,61977,5496534
overview,United Kingdom,K02000001,2021-07-14,54883,5434557
overview,United Kingdom,K02000001,2021-07-13,47675,5379674
overview,United Kingdom,K02000001,2021-07-12,44486,5331999
overview,United Kingdom,K02000001,2021-07-11,30488,5287513
overview,United Kingdom,K02000001,2021-07-10,28360,5257025
overview,United Kingdom,K02000001,2021-07-09,32780,5228665
overview,United Kingdom,K02000001,2021-07-08,33979,5195885
overview,United Kingdom,K02000001,2021-07-07,38567,5161906
overview,United Kingdom,K02000001,2021-07-06,36024,5123339
overview,United Kingdom,K02000001,2021-07-05,34865,5087315
overview,United Kingdom,K02000001,2021-07-04,25138,5052450
overview,United Kingdom,K02000001,2021-07-03,24016,5027312
overview,United Kingdom,K02000001,2021-07-02,26306,5003296
overview,United Kingdom,K02000001,2021-07-01,28755,4976990
overview,United Kingdom,K02000001,2021-06-30,28884,4948235
overview,United Kingdom,K02000001,2021-06-29,28153,4919351
overview,United Kingdom,K02000001,2021-06-28,28391,4891198
overview,United Kingdom,K02000001,2021-06-27,18489,4862807
overview,United Kingdom,K02000001,2021-06-26,16276,4844318
overview,United Kingdom,K02000001,2021-06-25,18148,4828042
overview,United Kingdom,K02000001,2021-06-24,18682,4809894
overview,United Kingdom,K02000001,2021-06-23,18309,4791212
overview,United Kingdom,K02000001,2021-06-22,17357,4772903
overview,United Kingdom,K02000001,2021-06-21,16264,4755546
overview,United Kingdom,K02000001,2021-06-20,10070,4739282
overview,United Kingdom,K02000001,2021-06-19,8437,4729212
overview,United Kingdom,K02000001,2021-06-18,10313,4720775
overview,United Kingdom,K02000001,2021-06-17,11095,4710462
overview,United Kingdom,K02000001,2021-06-16,11037,4699367
overview,United Kingdom,K02000001,2021-06-15,10784,4688330
overview,United Kingdom,K02000001,2021-06-14,10350,4677546
overview,United Kingdom,K02000001,2021-06-13,7127,4667196
overview,United Kingdom,K02000001,2021-06-12,6274,4660069
overview,United Kingdom,K02000001,2021-06-11,7607,4653795
overview,United Kingdom,K02000001,2021-06-10,8029,4646188
overview,United Kingdom,K02000001,2021-06-09,8199,4638159
overview,United Kingdom,K02000001,2021-06-08,7880,4629960
overview,United Kingdom,K02000001,2021-06-07,7936,4622080
overview,United Kingdom,K02000001,2021-06-06,5524,4614144
overview,United Kingdom,K02000001,2021-06-05,4723,4608620
overview,United Kingdom,K02000001,2021-06-04,5847,4603897
overview,United Kingdom,K02000001,2021-06-03,6246,4598050
overview,United Kingdom,K02000001,2021-06-02,6162,4591804
overview,United Kingdom,K02000001,2021-06-01,5418,4585642
overview,United Kingdom,K02000001,2021-05-31,3889,4580224
overview,United Kingdom,K02000001,2021-05-30,3159,4576335
overview,United Kingdom,K02000001,2021-05-29,2997,4573176
overview,United Kingdom,K02000001,2021-05-28,3587,4570179
overview,United Kingdom,K02000001,2021-05-27,3738,4566592
overview,United Kingdom,K02000001,2021-05-26,3917,4562854
overview,United Kingdom,K02000001,2021-05-25,3416,4558937
overview,United Kingdom,K02000001,2021-05-24,3361,4555521
overview,United Kingdom,K02000001,2021-05-23,2320,4552160
overview,United Kingdom,K02000001,2021-05-22,1995,4549840
overview,United Kingdom,K02000001,2021-05-21,2363,4547845
overview,United Kingdom,K02000001,2021-05-20,2509,4545482
overview,United Kingdom,K02000001,2021-05-19,2805,4542973
overview,United Kingdom,K02000001,2021-05-18,2809,4540168
overview,United Kingdom,K02000001,2021-05-17,2852,4537359
overview,United Kingdom,K02000001,2021-05-16,1915,4534507
overview,United Kingdom,K02000001,2021-05-15,1624,4532592
overview,United Kingdom,K02000001,2021-05-14,1927,4530968
overview,United Kingdom,K02000001,2021-05-13,2179,4529041
overview,United Kingdom,K02000001,2021-05-12,2329,4526862
overview,United Kingdom,K02000001,2021-05-11,2326,4524533
overview,United Kingdom,K02000001,2021-05-10,2802,4522207
overview,United Kingdom,K02000001,2021-05-09,2302,4519405
overview,United Kingdom,K02000001,2021-05-08,1604,4517103
overview,United Kingdom,K02000001,2021-05-07,1976,4515499
overview,United Kingdom,K02000001,2021-05-06,2322,4513523
overview,United Kingdom,K02000001,2021-05-05,2565,4511201
overview,United Kingdom,K02000001,2021-05-04,2548,4508636
overview,United Kingdom,K02000001,2021-05-03,2082,4506088
overview,United Kingdom,K02000001,2021-05-02,1516,4504006
overview,United Kingdom,K02000001,2021-05-01,1429,4502490
overview,United Kingdom,K02000001,2021-04-30,1819,4501061
overview,United Kingdom,K02000001,2021-04-29,2227,4499242
overview,United Kingdom,K02000001,2021-04-28,2493,4497015
overview,United Kingdom,K02000001,2021-04-27,2171,4494522
overview,United Kingdom,K02000001,2021-04-26,2623,4492351
overview,United Kingdom,K02000001,2021-04-25,2116,4489728
overview,United Kingdom,K02000001,2021-04-24,1561,4487612
overview,United Kingdom,K02000001,2021-04-23,2012,4486051
overview,United Kingdom,K02000001,2021-04-22,2404,4484039
overview,United Kingdom,K02000001,2021-04-21,2709,4481635
overview,United Kingdom,K02000001,2021-04-20,2536,4478926
overview,United Kingdom,K02000001,2021-04-19,2734,4476390
overview,United Kingdom,K02000001,2021-04-18,2584,4473656
overview,United Kingdom,K02000001,2021-04-17,1719,4471072
overview,United Kingdom,K02000001,2021-04-16,2345,4469353
overview,United Kingdom,K02000001,2021-04-15,2339,4467008
overview,United Kingdom,K02000001,2021-04-14,2508,4464669
overview,United Kingdom,K02000001,2021-04-13,2489,4462161
overview,United Kingdom,K02000001,2021-04-12,2876,4459672
overview,United Kingdom,K02000001,2021-04-11,2374,4456796
overview,United Kingdom,K02000001,2021-04-10,2374,4454422
overview,United Kingdom,K02000001,2021-04-09,2947,4452048
overview,United Kingdom,K02000001,2021-04-08,3142,4449101
overview,United Kingdom,K02000001,2021-04-07,3247,4445959
overview,United Kingdom,K02000001,2021-04-06,3307,4442712
overview,United Kingdom,K02000001,2021-04-05,2734,4439405
overview,United Kingdom,K02000001,2021-04-04,2406,4436671
overview,United Kingdom,K02000001,2021-04-03,2505,4434265
overview,United Kingdom,K02000001,2021-04-02,2742,4431760
overview,United Kingdom,K02000001,2021-04-01,3670,4429018
overview,United Kingdom,K02000001,2021-03-31,3963,4425348
overview,United Kingdom,K02000001,2021-03-30,3771,4421385
overview,United Kingdom,K02000001,2021-03-29,4193,4417614
overview,United Kingdom,K02000001,2021-03-28,5027,4413421
overview,United Kingdom,K02000001,2021-03-27,3727,4408394
overview,United Kingdom,K02000001,2021-03-26,4560,4404667
overview,United Kingdom,K02000001,2021-03-25,5613,4400107
overview,United Kingdom,K02000001,2021-03-24,6216,4394494
overview,United Kingdom,K02000001,2021-03-23,5477,4388278
overview,United Kingdom,K02000001,2021-03-22,6449,4382801
overview,United Kingdom,K02000001,2021-03-21,5385,4376352
overview,United Kingdom,K02000001,2021-03-20,4241,4370967
overview,United Kingdom,K02000001,2021-03-19,5172,4366726
overview,United Kingdom,K02000001,2021-03-18,5618,4361554
overview,United Kingdom,K02000001,2021-03-17,5970,4355936
overview,United Kingdom,K02000001,2021-03-16,5848,4349966
overview,United Kingdom,K02000001,2021-03-15,6698,4344118
overview,United Kingdom,K02000001,2021-03-14,4420,4337420
overview,United Kingdom,K02000001,2021-03-13,4377,4333000
overview,United Kingdom,K02000001,2021-03-12,5716,4328623
overview,United Kingdom,K02000001,2021-03-11,5931,4322907
overview,United Kingdom,K02000001,2021-03-10,6245,4316976
overview,United Kingdom,K02000001,2021-03-09,6482,4310731
overview,United Kingdom,K02000001,2021-03-08,6883,4304249
overview,United Kingdom,K02000001,2021-03-07,4404,4297366
overview,United Kingdom,K02000001,2021-03-06,4624,4292962
overview,United Kingdom,K02000001,2021-03-05,5464,4288338
overview,United Kingdom,K02000001,2021-03-04,5934,4282874
overview,United Kingdom,K02000001,2021-03-03,6171,4276940
overview,United Kingdom,K02000001,2021-03-02,6915,4270769
overview,United Kingdom,K02000001,2021-03-01,7183,4263854
overview,United Kingdom,K02000001,2021-02-28,4868,4256671
overview,United Kingdom,K02000001,2021-02-27,4946,4251803
overview,United Kingdom,K02000001,2021-02-26,6779,4246857
overview,United Kingdom,K02000001,2021-02-25,8016,4240078
overview,United Kingdom,K02000001,2021-02-24,8843,4232062
overview,United Kingdom,K02000001,2021-02-23,9762,4223219
overview,United Kingdom,K02000001,2021-02-22,11652,4213457
overview,United Kingdom,K02000001,2021-02-21,8095,4201805
overview,United Kingdom,K02000001,2021-02-20,8302,4193710
overview,United Kingdom,K02000001,2021-02-19,10726,4185408
overview,United Kingdom,K02000001,2021-02-18,11788,4174682
overview,United Kingdom,K02000001,2021-02-17,11942,4162894
overview,United Kingdom,K02000001,2021-02-16,12926,4150952
overview,United Kingdom,K02000001,2021-02-15,14727,4138026
overview,United Kingdom,K02000001,2021-02-14,8991,4123299
overview,United Kingdom,K02000001,2021-02-13,9029,4114308
overview,United Kingdom,K02000001,2021-02-12,12564,4105279
overview,United Kingdom,K02000001,2021-02-11,13135,4092715
overview,United Kingdom,K02000001,2021-02-10,13891,4079580
overview,United Kingdom,K02000001,2021-02-09,14222,4065689
overview,United Kingdom,K02000001,2021-02-08,16187,4051467
overview,United Kingdom,K02000001,2021-02-07,11663,4035280
overview,United Kingdom,K02000001,2021-02-06,12321,4023617
overview,United Kingdom,K02000001,2021-02-05,16298,4011296
overview,United Kingdom,K02000001,2021-02-04,18488,3994998
overview,United Kingdom,K02000001,2021-02-03,19903,3976510
overview,United Kingdom,K02000001,2021-02-02,20267,3956607
overview,United Kingdom,K02000001,2021-02-01,22959,3936340
overview,United Kingdom,K02000001,2021-01-31,15779,3913381
overview,United Kingdom,K02000001,2021-01-30,17154,3897602
overview,United Kingdom,K02000001,2021-01-29,22428,3880448
overview,United Kingdom,K02000001,2021-01-28,24761,3858020
overview,United Kingdom,K02000001,2021-01-27,26292,3833259
overview,United Kingdom,K02000001,2021-01-26,27722,3806967
overview,United Kingdom,K02000001,2021-01-25,30728,3779245
overview,United Kingdom,K02000001,2021-01-24,17541,3748517
overview,United Kingdom,K02000001,2021-01-23,22339,3730976
overview,United Kingdom,K02000001,2021-01-22,30319,3708637
overview,United Kingdom,K02000001,2021-01-21,32492,3678318
overview,United Kingdom,K02000001,2021-01-20,35972,3645826
overview,United Kingdom,K02000001,2021-01-19,40515,3609854
overview,United Kingdom,K02000001,2021-01-18,45948,3569339
overview,United Kingdom,K02000001,2021-01-17,29585,3523391
overview,United Kingdom,K02000001,2021-01-16,31242,3493806
overview,United Kingdom,K02000001,2021-01-15,41448,3462564
overview,United Kingdom,K02000001,2021-01-14,43457,3421116
overview,United Kingdom,K02000001,2021-01-13,46498,3377659
overview,United Kingdom,K02000001,2021-01-12,50631,3331161
overview,United Kingdom,K02000001,2021-01-11,58585,3280530
overview,United Kingdom,K02000001,2021-01-10,37166,3221945
overview,United Kingdom,K02000001,2021-01-09,40028,3184779
overview,United Kingdom,K02000001,2021-01-08,48101,3144751
overview,United Kingdom,K02000001,2021-01-07,53180,3096650
overview,United Kingdom,K02000001,2021-01-06,58779,3043470
overview,United Kingdom,K02000001,2021-01-05,66627,2984691
overview,United Kingdom,K02000001,2021-01-04,77968,2918064
overview,United Kingdom,K02000001,2021-01-03,56331,2840096
overview,United Kingdom,K02000001,2021-01-02,61651,2783765
overview,United Kingdom,K02000001,2021-01-01,32485,2722114
overview,United Kingdom,K02000001,2020-12-31,53941,2689629
overview,United Kingdom,K02000001,2020-12-30,72149,2635688
overview,United Kingdom,K02000001,2020-12-29,83086,2563539
overview,United Kingdom,K02000001,2020-12-28,46403,2480453
overview,United Kingdom,K02000001,2020-12-27,48523,2434050
overview,United Kingdom,K02000001,2020-12-26,41108,2385527
overview,United Kingdom,K02000001,2020-12-25,14418,2344419
overview,United Kingdom,K02000001,2020-12-24,32392,2330001
overview,United Kingdom,K02000001,2020-12-23,42933,2297609
overview,United Kingdom,K02000001,2020-12-22,46478,2254676
overview,United Kingdom,K02000001,2020-12-21,48190,2208198
overview,United Kingdom,K02000001,2020-12-20,33068,2160008
overview,United Kingdom,K02000001,2020-12-19,25588,2126940
overview,United Kingdom,K02000001,2020-12-18,36420,2101352
overview,United Kingdom,K02000001,2020-12-17,34431,2064932
overview,United Kingdom,K02000001,2020-12-16,35434,2030501
overview,United Kingdom,K02000001,2020-12-15,34385,1995067
overview,United Kingdom,K02000001,2020-12-14,35196,1960682
overview,United Kingdom,K02000001,2020-12-13,22267,1925486
overview,United Kingdom,K02000001,2020-12-12,19597,1903219
overview,United Kingdom,K02000001,2020-12-11,24392,1883622
overview,United Kingdom,K02000001,2020-12-10,22917,1859230
overview,United Kingdom,K02000001,2020-12-09,21901,1836313
overview,United Kingdom,K02000001,2020-12-08,21066,1814412
overview,United Kingdom,K02000001,2020-12-07,21585,1793346
overview,United Kingdom,K02000001,2020-12-06,13740,1771761
overview,United Kingdom,K02000001,2020-12-05,12904,1758021
overview,United Kingdom,K02000001,2020-12-04,15833,1745117
overview,United Kingdom,K02000001,2020-12-03,15856,1729284
overview,United Kingdom,K02000001,2020-12-02,16676,1713428
overview,United Kingdom,K02000001,2020-12-01,16686,1696752
overview,United Kingdom,K02000001,2020-11-30,18201,1680066
overview,United Kingdom,K02000001,2020-11-29,10853,1661865
overview,United Kingdom,K02000001,2020-11-28,11098,1651012
overview,United Kingdom,K02000001,2020-11-27,14554,1639914
overview,United Kingdom,K02000001,2020-11-26,14752,1625360
overview,United Kingdom,K02000001,2020-11-25,16814,1610608
overview,United Kingdom,K02000001,2020-11-24,16677,1593794
overview,United Kingdom,K02000001,2020-11-23,19018,1577117
overview,United Kingdom,K02000001,2020-11-22,11900,1558099
overview,United Kingdom,K02000001,2020-11-21,12539,1546199
overview,United Kingdom,K02000001,2020-11-20,17107,1533660
overview,United Kingdom,K02000001,2020-11-19,18036,1516553
overview,United Kingdom,K02000001,2020-11-18,21079,1498517
overview,United Kingdom,K02000001,2020-11-17,23487,1477438
overview,United Kingdom,K02000001,2020-11-16,26948,1453951
overview,United Kingdom,K02000001,2020-11-15,16232,1427003
overview,United Kingdom,K02000001,2020-11-14,18225,1410771
overview,United Kingdom,K02000001,2020-11-13,24388,1392546
overview,United Kingdom,K02000001,2020-11-12,24817,1368158
overview,United Kingdom,K02000001,2020-11-11,27753,1343341
overview,United Kingdom,K02000001,2020-11-10,27788,1315588
overview,United Kingdom,K02000001,2020-11-09,31518,1287800
overview,United Kingdom,K02000001,2020-11-08,20254,1256282
overview,United Kingdom,K02000001,2020-11-07,18771,1236028
overview,United Kingdom,K02000001,2020-11-06,23651,1217257
overview,United Kingdom,K02000001,2020-11-05,24053,1193606
overview,United Kingdom,K02000001,2020-11-04,24022,1169553
overview,United Kingdom,K02000001,2020-11-03,25938,1145531
overview,United Kingdom,K02000001,2020-11-02,31917,1119593
overview,United Kingdom,K02000001,2020-11-01,15974,1087676
overview,United Kingdom,K02000001,2020-10-31,16681,1071702
overview,United Kingdom,K02000001,2020-10-30,22892,1055021
overview,United Kingdom,K02000001,2020-10-29,23614,1032129
overview,United Kingdom,K02000001,2020-10-28,23899,1008515
overview,United Kingdom,K02000001,2020-10-27,24353,984616
overview,United Kingdom,K02000001,2020-10-26,26807,960263
overview,United Kingdom,K02000001,2020-10-25,15894,933456
overview,United Kingdom,K02000001,2020-10-24,16432,917562
overview,United Kingdom,K02000001,2020-10-23,21691,901130
overview,United Kingdom,K02000001,2020-10-22,23473,879439
overview,United Kingdom,K02000001,2020-10-21,25710,855966
overview,United Kingdom,K02000001,2020-10-20,25606,830256
overview,United Kingdom,K02000001,2020-10-19,25871,804650
overview,United Kingdom,K02000001,2020-10-18,14325,778779
overview,United Kingdom,K02000001,2020-10-17,14888,764454
overview,United Kingdom,K02000001,2020-10-16,17912,749566
overview,United Kingdom,K02000001,2020-10-15,18602,731654
overview,United Kingdom,K02000001,2020-10-14,19914,713052
overview,United Kingdom,K02000001,2020-10-13,19119,693138
overview,United Kingdom,K02000001,2020-10-12,19671,674019
overview,United Kingdom,K02000001,2020-10-11,12206,654348
overview,United Kingdom,K02000001,2020-10-10,12652,642142
overview,United Kingdom,K02000001,2020-10-09,15892,629490
overview,United Kingdom,K02000001,2020-10-08,18424,613598
overview,United Kingdom,K02000001,2020-10-07,18575,595174
overview,United Kingdom,K02000001,2020-10-06,17250,576599
overview,United Kingdom,K02000001,2020-10-05,16755,559349
overview,United Kingdom,K02000001,2020-10-04,11953,542594
overview,United Kingdom,K02000001,2020-10-03,11667,530641
overview,United Kingdom,K02000001,2020-10-02,13854,518974
overview,United Kingdom,K02000001,2020-10-01,13358,505120
overview,United Kingdom,K02000001,2020-09-30,12717,491762
overview,United Kingdom,K02000001,2020-09-29,10368,479045
overview,United Kingdom,K02000001,2020-09-28,9982,468677
overview,United Kingdom,K02000001,2020-09-27,7023,458695
overview,United Kingdom,K02000001,2020-09-26,6809,451672
overview,United Kingdom,K02000001,2020-09-25,7317,444863
overview,United Kingdom,K02000001,2020-09-24,7682,437546
overview,United Kingdom,K02000001,2020-09-23,7095,429864
overview,United Kingdom,K02000001,2020-09-22,6441,422769
overview,United Kingdom,K02000001,2020-09-21,5626,416328
overview,United Kingdom,K02000001,2020-09-20,5340,410702
overview,United Kingdom,K02000001,2020-09-19,4889,405362
overview,United Kingdom,K02000001,2020-09-18,4973,400473
overview,United Kingdom,K02000001,2020-09-17,4676,395500
overview,United Kingdom,K02000001,2020-09-16,4398,390824
overview,United Kingdom,K02000001,2020-09-15,3552,386426
overview,United Kingdom,K02000001,2020-09-14,3428,382874
overview,United Kingdom,K02000001,2020-09-13,2152,379446
overview,United Kingdom,K02000001,2020-09-12,2670,377294
overview,United Kingdom,K02000001,2020-09-11,3323,374624
overview,United Kingdom,K02000001,2020-09-10,3628,371301
overview,United Kingdom,K02000001,2020-09-09,3366,367673
overview,United Kingdom,K02000001,2020-09-08,3368,364307
overview,United Kingdom,K02000001,2020-09-07,3930,360939
overview,United Kingdom,K02000001,2020-09-06,2465,357009
overview,United Kingdom,K02000001,2020-09-05,2551,354544
overview,United Kingdom,K02000001,2020-09-04,3092,351993
overview,United Kingdom,K02000001,2020-09-03,3152,348901
overview,United Kingdom,K02000001,2020-09-02,3076,345749
overview,United Kingdom,K02000001,2020-09-01,2288,342673
overview,United Kingdom,K02000001,2020-08-31,1513,340385
overview,United Kingdom,K02000001,2020-08-30,1171,338872
overview,United Kingdom,K02000001,2020-08-29,1230,337701
overview,United Kingdom,K02000001,2020-08-28,1632,336471
overview,United Kingdom,K02000001,2020-08-27,1590,334839
overview,United Kingdom,K02000001,2020-08-26,1387,333249
overview,United Kingdom,K02000001,2020-08-25,1268,331862
overview,United Kingdom,K02000001,2020-08-24,1301,330594
overview,United Kingdom,K02000001,2020-08-23,831,329293
overview,United Kingdom,K02000001,2020-08-22,842,328462
overview,United Kingdom,K02000001,2020-08-21,1218,327620
overview,United Kingdom,K02000001,2020-08-20,1497,326402
overview,United Kingdom,K02000001,2020-08-19,1282,324905
overview,United Kingdom,K02000001,2020-08-18,1115,323623
overview,United Kingdom,K02000001,2020-08-17,1298,322508
overview,United Kingdom,K02000001,2020-08-16,602,321210
overview,United Kingdom,K02000001,2020-08-15,713,320608
overview,United Kingdom,K02000001,2020-08-14,1184,319895
overview,United Kingdom,K02000001,2020-08-13,1155,318711
overview,United Kingdom,K02000001,2020-08-12,1242,317556
overview,United Kingdom,K02000001,2020-08-11,1377,316314
overview,United Kingdom,K02000001,2020-08-10,1498,314937
overview,United Kingdom,K02000001,2020-08-09,627,313439
overview,United Kingdom,K02000001,2020-08-08,710,312812
overview,United Kingdom,K02000001,2020-08-07,973,312102
overview,United Kingdom,K02000001,2020-08-06,1104,311129
overview,United Kingdom,K02000001,2020-08-05,1091,310025
overview,United Kingdom,K02000001,2020-08-04,1065,308934
overview,United Kingdom,K02000001,2020-08-03,1060,307869
overview,United Kingdom,K02000001,2020-08-02,564,306809
overview,United Kingdom,K02000001,2020-08-01,558,306245
overview,United Kingdom,K02000001,2020-07-31,697,305687
overview,United Kingdom,K02000001,2020-07-30,945,304990
overview,United Kingdom,K02000001,2020-07-29,1060,304045
overview,United Kingdom,K02000001,2020-07-28,854,302985
overview,United Kingdom,K02000001,2020-07-27,869,302131
overview,United Kingdom,K02000001,2020-07-26,563,301262
overview,United Kingdom,K02000001,2020-07-25,530,300699
overview,United Kingdom,K02000001,2020-07-24,774,300169
overview,United Kingdom,K02000001,2020-07-23,808,299395
overview,United Kingdom,K02000001,2020-07-22,814,298587
overview,United Kingdom,K02000001,2020-07-21,788,297773
overview,United Kingdom,K02000001,2020-07-20,829,296985
overview,United Kingdom,K02000001,2020-07-19,448,296156
overview,United Kingdom,K02000001,2020-07-18,504,295708
overview,United Kingdom,K02000001,2020-07-17,582,295204
overview,United Kingdom,K02000001,2020-07-16,710,294622
overview,United Kingdom,K02000001,2020-07-15,777,293912
overview,United Kingdom,K02000001,2020-07-14,705,293135
overview,United Kingdom,K02000001,2020-07-13,739,292430
overview,United Kingdom,K02000001,2020-07-12,366,291691
overview,United Kingdom,K02000001,2020-07-11,459,291325
overview,United Kingdom,K02000001,2020-07-10,568,290866
overview,United Kingdom,K02000001,2020-07-09,722,290298
overview,United Kingdom,K02000001,2020-07-08,713,289576
overview,United Kingdom,K02000001,2020-07-07,608,288863
overview,United Kingdom,K02000001,2020-07-06,714,288255
overview,United Kingdom,K02000001,2020-07-05,0,287541
overview,United Kingdom,K02000001,2020-07-04,399,286983
overview,United Kingdom,K02000001,2020-07-03,567,286584
overview,United Kingdom,K02000001,2020-07-02,606,286017
overview,United Kingdom,K02000001,2020-07-01,652,285411
overview,United Kingdom,K02000001,2020-06-30,623,284759
overview,United Kingdom,K02000001,2020-06-29,724,284136
overview,United Kingdom,K02000001,2020-06-28,449,283412
overview,United Kingdom,K02000001,2020-06-27,653,282963
overview,United Kingdom,K02000001,2020-06-26,666,282310
overview,United Kingdom,K02000001,2020-06-25,727,281644
overview,United Kingdom,K02000001,2020-06-24,0,280917
overview,United Kingdom,K02000001,2020-06-23,883,280140
overview,United Kingdom,K02000001,2020-06-22,899,279257
overview,United Kingdom,K02000001,2020-06-21,636,278358
overview,United Kingdom,K02000001,2020-06-20,683,277722
overview,United Kingdom,K02000001,2020-06-19,993,277039
overview,United Kingdom,K02000001,2020-06-18,1022,276046
overview,United Kingdom,K02000001,2020-06-17,1017,275024
overview,United Kingdom,K02000001,2020-06-16,1103,274007
overview,United Kingdom,K02000001,2020-06-15,1045,272904
overview,United Kingdom,K02000001,2020-06-14,826,271859
overview,United Kingdom,K02000001,2020-06-13,886,271033
overview,United Kingdom,K02000001,2020-06-12,1053,270147
overview,United Kingdom,K02000001,2020-06-11,1011,269094
overview,United Kingdom,K02000001,2020-06-10,1196,268083
overview,United Kingdom,K02000001,2020-06-09,1165,266887
overview,United Kingdom,K02000001,2020-06-08,1099,265722
overview,United Kingdom,K02000001,2020-06-07,722,264623
overview,United Kingdom,K02000001,2020-06-06,804,263901
overview,United Kingdom,K02000001,2020-06-05,1123,263097
overview,United Kingdom,K02000001,2020-06-04,1249,261974
overview,United Kingdom,K02000001,2020-06-03,1369,260725
overview,United Kingdom,K02000001,2020-06-02,1492,259356
overview,United Kingdom,K02000001,2020-06-01,1438,257864
overview,United Kingdom,K02000001,2020-05-31,1080,256426
overview,United Kingdom,K02000001,2020-05-30,1132,255346
overview,United Kingdom,K02000001,2020-05-29,1531,254214
overview,United Kingdom,K02000001,2020-05-28,1757,252683
overview,United Kingdom,K02000001,2020-05-27,1825,250926
overview,United Kingdom,K02000001,2020-05-26,2070,249101
overview,United Kingdom,K02000001,2020-05-25,1625,247031
overview,United Kingdom,K02000001,2020-05-24,1372,245406
overview,United Kingdom,K02000001,2020-05-23,1530,244034
overview,United Kingdom,K02000001,2020-05-22,2057,242504
overview,United Kingdom,K02000001,2020-05-21,2567,240447
overview,United Kingdom,K02000001,2020-05-20,2719,237880
overview,United Kingdom,K02000001,2020-05-19,3063,235161
overview,United Kingdom,K02000001,2020-05-18,2578,232098
overview,United Kingdom,K02000001,2020-05-17,1836,229520
overview,United Kingdom,K02000001,2020-05-16,2081,227684
overview,United Kingdom,K02000001,2020-05-15,2529,225603
overview,United Kingdom,K02000001,2020-05-14,2630,223074
overview,United Kingdom,K02000001,2020-05-13,3331,220444
overview,United Kingdom,K02000001,2020-05-12,3409,217113
overview,United Kingdom,K02000001,2020-05-11,3613,213704
overview,United Kingdom,K02000001,2020-05-10,2337,210091
overview,United Kingdom,K02000001,2020-05-09,2170,207754
overview,United Kingdom,K02000001,2020-05-08,3065,205584
overview,United Kingdom,K02000001,2020-05-07,3788,202519
overview,United Kingdom,K02000001,2020-05-06,3832,198731
overview,United Kingdom,K02000001,2020-05-05,3684,194899
overview,United Kingdom,K02000001,2020-05-04,3398,191215
overview,United Kingdom,K02000001,2020-05-03,3003,187817
overview,United Kingdom,K02000001,2020-05-02,3258,184814
overview,United Kingdom,K02000001,2020-05-01,4766,181556
overview,United Kingdom,K02000001,2020-04-30,4960,176790
overview,United Kingdom,K02000001,2020-04-29,5433,171830
overview,United Kingdom,K02000001,2020-04-28,4722,166397
overview,United Kingdom,K02000001,2020-04-27,4739,161675
overview,United Kingdom,K02000001,2020-04-26,3476,156936
overview,United Kingdom,K02000001,2020-04-25,3757,153460
overview,United Kingdom,K02000001,2020-04-24,4961,149703
overview,United Kingdom,K02000001,2020-04-23,5167,144742
overview,United Kingdom,K02000001,2020-04-22,5519,139575
overview,United Kingdom,K02000001,2020-04-21,4796,134056
overview,United Kingdom,K02000001,2020-04-20,4441,129260
overview,United Kingdom,K02000001,2020-04-19,3881,124819
overview,United Kingdom,K02000001,2020-04-18,4741,120938
overview,United Kingdom,K02000001,2020-04-17,4978,116197
overview,United Kingdom,K02000001,2020-04-16,5294,111219
overview,United Kingdom,K02000001,2020-04-15,5069,105925
overview,United Kingdom,K02000001,2020-04-14,4337,100856
overview,United Kingdom,K02000001,2020-04-13,4203,96519
overview,United Kingdom,K02000001,2020-04-12,3507,92316
overview,United Kingdom,K02000001,2020-04-11,3586,88809
overview,United Kingdom,K02000001,2020-04-10,4328,85223
overview,United Kingdom,K02000001,2020-04-09,4874,80895
overview,United Kingdom,K02000001,2020-04-08,5146,76021
overview,United Kingdom,K02000001,2020-04-07,5478,70875
overview,United Kingdom,K02000001,2020-04-06,5272,65397
overview,United Kingdom,K02000001,2020-04-05,3557,60125
overview,United Kingdom,K02000001,2020-04-04,3976,56568
overview,United Kingdom,K02000001,2020-04-03,4852,52592
overview,United Kingdom,K02000001,2020-04-02,4824,47740
overview,United Kingdom,K02000001,2020-04-01,4891,42916
overview,United Kingdom,K02000001,2020-03-31,4461,38025
overview,United Kingdom,K02000001,2020-03-30,4195,33564
overview,United Kingdom,K02000001,2020-03-29,2818,29369
overview,United Kingdom,K02000001,2020-03-28,2775,26551
overview,United Kingdom,K02000001,2020-03-27,3158,23776
overview,United Kingdom,K02000001,2020-03-26,3039,20618
overview,United Kingdom,K02000001,2020-03-25,2666,17579
overview,United Kingdom,K02000001,2020-03-24,2354,14913
overview,United Kingdom,K02000001,2020-03-23,2295,12559
overview,United Kingdom,K02000001,2020-03-22,0,10264
overview,United Kingdom,K02000001,2020-03-21,0,8899
overview,United Kingdom,K02000001,2020-03-20,0,7717
overview,United Kingdom,K02000001,2020-03-19,0,6465
overview,United Kingdom,K02000001,2020-03-18,982,5423
overview,United Kingdom,K02000001,2020-03-17,783,4441
overview,United Kingdom,K02000001,2020-03-16,603,3658
overview,United Kingdom,K02000001,2020-03-15,441,3055
overview,United Kingdom,K02000001,2020-03-14,352,2614
overview,United Kingdom,K02000001,2020-03-13,478,2262
overview,United Kingdom,K02000001,2020-03-12,484,1784
overview,United Kingdom,K02000001,2020-03-11,402,1300
overview,United Kingdom,K02000001,2020-03-10,265,898
overview,United Kingdom,K02000001,2020-03-09,148,633
overview,United Kingdom,K02000001,2020-03-08,55,485
overview,United Kingdom,K02000001,2020-03-07,68,430
overview,United Kingdom,K02000001,2020-03-06,83,362
overview,United Kingdom,K02000001,2020-03-05,49,279
overview,United Kingdom,K02000001,2020-03-04,56,230
overview,United Kingdom,K02000001,2020-03-03,58,174
overview,United Kingdom,K02000001,2020-03-02,41,116
overview,United Kingdom,K02000001,2020-03-01,21,75
overview,United Kingdom,K02000001,2020-02-29,5,54
overview,United Kingdom,K02000001,2020-02-28,12,49
overview,United Kingdom,K02000001,2020-02-27,9,37
overview,United Kingdom,K02000001,2020-02-26,5,28
overview,United Kingdom,K02000001,2020-02-25,4,23
overview,United Kingdom,K02000001,2020-02-24,2,19
overview,United Kingdom,K02000001,2020-02-23,2,17
overview,United Kingdom,K02000001,2020-02-22,0,15
overview,United Kingdom,K02000001,2020-02-21,1,15
overview,United Kingdom,K02000001,2020-02-20,0,14
overview,United Kingdom,K02000001,2020-02-19,0,14
overview,United Kingdom,K02000001,2020-02-18,0,14
overview,United Kingdom,K02000001,2020-02-17,0,14
overview,United Kingdom,K02000001,2020-02-16,0,14
overview,United Kingdom,K02000001,2020-02-15,0,14
overview,United Kingdom,K02000001,2020-02-14,0,14
overview,United Kingdom,K02000001,2020-02-13,0,14
overview,United Kingdom,K02000001,2020-02-12,0,14
overview,United Kingdom,K02000001,2020-02-11,3,14
overview,United Kingdom,K02000001,2020-02-10,1,11
overview,United Kingdom,K02000001,2020-02-09,1,10
overview,United Kingdom,K02000001,2020-02-08,3,9
overview,United Kingdom,K02000001,2020-02-07,0,6
overview,United Kingdom,K02000001,2020-02-06,0,6
overview,United Kingdom,K02000001,2020-02-05,1,6
overview,United Kingdom,K02000001,2020-02-04,0,5
overview,United Kingdom,K02000001,2020-02-03,3,5
overview,United Kingdom,K02000001,2020-02-02,1,2
overview,United Kingdom,K02000001,2020-02-01,0,1
overview,United Kingdom,K02000001,2020-01-31,0,1
overview,United Kingdom,K02000001,2020-01-30,1,1
